{"mean": -19.320005416870117, "std": 12.216938065124511, "input_shape": [13, 94]}